"era","term","est","se","p","r2"
"early","(Intercept)",-8.50777218527249,2.72598957450804,0.00207484066271153,0.158457586591077
"early","c_pc1",-1.35000603879636,1.58291966253837,0.39477892843354,0.158457586591077
"early","c_pc2",-4.41785397851628,1.34645105489248,0.00122394986655295,0.158457586591077
"early","c_pc3",-3.95884619188018,1.64542000276503,0.0170579700881241,0.158457586591077
"early","disp",3.97678802191756,1.0577182667542,0.000224400882363887,0.158457586591077
"mid","(Intercept)",-15.0456754805595,2.82190137933569,2.62729958574592e-07,0.215631578172162
"mid","c_pc1",-1.81485571027935,1.54250666081983,0.240775577817235,0.215631578172162
"mid","c_pc2",-2.38271649648863,1.48249917012091,0.109589502203632,0.215631578172162
"mid","c_pc3",-4.51512736012309,1.63128122655669,0.00617553138523083,0.215631578172162
"mid","disp",6.59340612063608,1.04853775431899,1.99640362508687e-09,0.215631578172162
"late","(Intercept)",-11.9920136718238,2.25146322649074,1.91084900769774e-07,0.159779429935306
"late","c_pc1",-1.03265483267156,1.50392957730569,0.492816169220419,0.159779429935306
"late","c_pc2",-5.36963579496366,1.34730988456514,8.37437852460706e-05,0.159779429935306
"late","c_pc3",-3.01318081975739,1.42816411666185,0.0356616016587848,0.159779429935306
"late","disp",5.39772231563228,0.829828693223659,3.05740409682744e-10,0.159779429935306
